Ancestry	Diagnostics_cor	Diagnostics_rmse	ADMIXTURE_cor	ADMIXTURE_rmse	ELAI_cor	ELAI_rmse
CRT	0.9918667370183025	0.049146286746705105	1	0	0.9945817516657494	0.045917451801975
IRT	0.9949000065855748	0.047747941963814024	1	0	0.9961283206581193	0.04423149861990814
RBT	0.9999817562518998	0.003253387467272931	1	0	0.9999384360480563	0.00549796729472793
WCT	0.9999814597901405	0.0029609250655556136	1	0	0.9999375089648319	0.005324542394518397
YCT	0.9999665510712039	0.0013362432752705598	0.9999999999999999	0	0.9998871879559154	0.002419389039918023
